{
  "os": "Linux-4.19.91-014.15-kangaroo.alios7.x86_64-x86_64-with-glibc2.35",
  "python": "3.10.14",
  "startedAt": "2024-10-26T18:38:57.157027Z",
  "args": [
    "--local-rank=0",
    "--project_dropout",
    "0.2",
    "--loss_ratio",
    "0.8",
    "--lr",
    "5e-5",
    "--project_type",
    "cnn",
    "--similar_type",
    "cosine",
    "--max_epoch",
    "3500",
    "--batch_size",
    "1024",
    "--scheduler_step",
    "500",
    "1000",
    "2000",
    "3000",
    "--exp_id",
    "lr_5e-5",
    "--encoder_hidden_size",
    "768",
    "--encoder_embedding_size",
    "768",
    "--pretrain_head",
    "12",
    "--pretrain_layer",
    "12",
    "--warm_epoch",
    "40",
    "--dump_path",
    "./log/pretrain_base"
  ],
  "program": "/data/nas/lizhongzhi/code/LANS_Solver/LANS_Pretraining/start.py",
  "codePath": "start.py",
  "email": "lizhongzhi2022@ia.ac.cn",
  "root": "/data/nas/lizhongzhi/code/LANS_Solver/LANS_Pretraining",
  "host": "dlc7xcrgntxoleor-master-0",
  "username": "root",
  "executable": "/data/nas/lizhongzhi/software/anaconda/envs/llava/bin/python",
  "codePathLocal": "start.py",
  "cpu_count": 16,
  "cpu_count_logical": 16,
  "gpu": "[NVIDIA H800, NVIDIA H800, NVIDIA H800, NVIDIA H800]",
  "gpu_count": 4,
  "disk": {
    "/": {
      "total": "1623381954560",
      "used": "193400832"
    }
  },
  "memory": {
    "total": "549755813888"
  },
  "cpu": {
    "count": 16,
    "countLogical": 16
  },
  "gpu_nvidia": [
    {
      "name": "NVIDIA H800",
      "memoryTotal": "85520809984",
      "cudaCores": 16896,
      "architecture": "Hopper"
    },
    {
      "name": "NVIDIA H800",
      "memoryTotal": "85520809984",
      "cudaCores": 16896,
      "architecture": "Hopper"
    },
    {
      "name": "NVIDIA H800",
      "memoryTotal": "85520809984",
      "cudaCores": 16896,
      "architecture": "Hopper"
    },
    {
      "name": "NVIDIA H800",
      "memoryTotal": "85520809984",
      "cudaCores": 16896,
      "architecture": "Hopper"
    }
  ],
  "cudaVersion": "12.1"
}