{
  "os": "Linux-5.10.134-008.7.kangaroo.al8.x86_64-x86_64-with-glibc2.35",
  "python": "3.10.14",
  "startedAt": "2024-11-09T09:39:46.423029Z",
  "args": [
    "--local-rank=0",
    "--project_dropout",
    "0.2",
    "--loss_ratio",
    "0.8",
    "--lr",
    "1e-5",
    "--dataset_dir",
    "/cpfs/user/lizhongzhi/data/data/LANS_DATA/data_repo",
    "--project_type",
    "cnn",
    "--similar_type",
    "cosine",
    "--max_epoch",
    "3500",
    "--batch_size",
    "512",
    "--scheduler_step",
    "500",
    "1000",
    "2000",
    "3000",
    "--exp_id",
    "lr_1e-5",
    "--encoder_hidden_size",
    "768",
    "--encoder_embedding_size",
    "768",
    "--pretrain_head",
    "12",
    "--pretrain_layer",
    "12",
    "--warm_epoch",
    "40",
    "--dump_path",
    "./log/pretrain_base"
  ],
  "program": "/cpfs/user/lizhongzhi/code/code/LANS_Solver/LANS_Pretraining/start.py",
  "codePath": "start.py",
  "email": "lizhongzhi2022@ia.ac.cn",
  "root": "/cpfs/user/lizhongzhi/code/code/LANS_Solver/LANS_Pretraining",
  "host": "dlc15elipzitj0d5-master-0",
  "username": "root",
  "executable": "/cpfs/user/lizhongzhi/software/software/anaconda/envs/llava/bin/python",
  "codePathLocal": "start.py",
  "cpu_count": 36,
  "cpu_count_logical": 32,
  "gpu": "[NVIDIA L20Z, NVIDIA L20Z, NVIDIA L20Z, NVIDIA L20Z, NVIDIA L20Z, NVIDIA L20Z, NVIDIA L20Z, NVIDIA L20Z]",
  "gpu_count": 8,
  "disk": {
    "/": {
      "total": "3246666981376",
      "used": "226017280"
    }
  },
  "memory": {
    "total": "1099511627776"
  },
  "cpu": {
    "count": 36,
    "countLogical": 32
  },
  "gpu_nvidia": [
    {
      "name": "NVIDIA L20Z",
      "memoryTotal": "85520809984",
      "cudaCores": 16896,
      "architecture": "Hopper"
    },
    {
      "name": "NVIDIA L20Z",
      "memoryTotal": "85520809984",
      "cudaCores": 16896,
      "architecture": "Hopper"
    },
    {
      "name": "NVIDIA L20Z",
      "memoryTotal": "85520809984",
      "cudaCores": 16896,
      "architecture": "Hopper"
    },
    {
      "name": "NVIDIA L20Z",
      "memoryTotal": "85520809984",
      "cudaCores": 16896,
      "architecture": "Hopper"
    },
    {
      "name": "NVIDIA L20Z",
      "memoryTotal": "85520809984",
      "cudaCores": 16896,
      "architecture": "Hopper"
    },
    {
      "name": "NVIDIA L20Z",
      "memoryTotal": "85520809984",
      "cudaCores": 16896,
      "architecture": "Hopper"
    },
    {
      "name": "NVIDIA L20Z",
      "memoryTotal": "85520809984",
      "cudaCores": 16896,
      "architecture": "Hopper"
    },
    {
      "name": "NVIDIA L20Z",
      "memoryTotal": "85520809984",
      "cudaCores": 16896,
      "architecture": "Hopper"
    }
  ],
  "cudaVersion": "12.2"
}